namseq,coverage
38777,2533.367432150313
38758,374.2815279958137
38788,403.7310027213733
38789,260.14320134087575
38755,330.0375596816976
38747,228.80958977091103
38784,347.34160895045284
38757,222.16091219096333
38771,220.87375415282392
38761,283.20266351627106
38791,356.4848256564787
38767,357.7270567911898
38770,216.1148568341437
38752,277.38642015353014
13058,343.12087793274947
38760,395.2398615767276
38765,343.71967975765443
38775,238.25933946940987
38773,168.17831978319782
27323,238.60581092801388
38785,268.3874674761492
38754,217.77568065950754
38786,198.28197895193665
38759,1692.9373779031907
27312,294.0233467260289
38790,349.5862031504617
38753,184.28816690209715
38768,221.23288415561834
25951,188.5870014128899
38762,172.04916249728083
38778,729.3845986276004
27904,227.26416122004358
38748,209.26713896457767
38769,348.05855413804386
27318,247.99727401591974
38781,326.0745910577972
38756,357.7388222464558
17742,312.841387585906
27316,328.0644774165394
14138,197.5462285776662
14147,281.2614393360271
14137,166.5600830238147
2623,320.1537032991042
31738,238.76084343930953
27356,299.26907937896345
27300,291.9321811419821
27357,321.5943757522705
27324,253.40808058688273
14130,261.8840547945205
14207,265.94443835616437
14133,199.98408517177037
14164,3106.0677500823545
38751,344.69327915660006
14156,162.9331063268893
14123,235.693287927057
14153,236.6226228426954
13880,253.6242850857897
14134,380.5805457746479
13950,219.36185442131924
27225,264.8136563876652
27345,292.90681793149025
14233,157.7431687968268
27310,275.91730981256893
14113,172.4908267020336
14472,229.69016594275533
14114,170.3853898646381
14132,220.6024696952532
38783,392.39913206661976
27361,398.9561320754717
14104,310.5570987654321
14047,206.88238244514108
14473,131.70620115956643
38776,252.04089876293864
27381,218.46232049815734
14106,145.862213740458
27344,266.75080530859424
27330,241.52432074221338
27040,225.4271948608137
14518,176.91352370689654
27255,115.12469569921558
27238,182.9511215729715
14234,201.74058635542588
14210,157.88746766312158
14175,232.6283418553689
27221,244.35145888594164
14235,275.9089669797031
14040,218.98616078370392
14431,331.25700498132005
27302,2269.131152696965
14196,259.8499292118924
14247,114.3499053030303
27232,299.34092346616063
27286,291.81573926868043
27417,355.9885332059245
14019,195.53098613987575
14458,293.0891262755102
13760,288.2080804854679
14457,224.6559053859677
13944,226.4742617395514
27418,201.74890297415894
14177,223.8673386441229
14078,258.98585595838074
27364,226.23044259349993
14433,270.17157343801114
14553,274.36359175662415
26979,205.52682685977618
14274,131.61638145871407
14517,318.3977974303354
27053,240.79281255272483
14254,197.76428692555535
27206,166.20020516327577
14270,164.2390560875513
27249,143.5737394596455
27239,231.1526334026334
14681,298.37983689050844
14173,230.19809027777777
13971,260.85781659388647
27250,242.21013986013986
13954,154.99370277078086
27303,290.97306152166
14285,116.89961671837926
14028,274.68031555221637
14006,310.36589030803907
27049,287.5581440496991
14498,256.2030308917816
27190,220.23677932405568
27285,270.20222222222225
14072,226.79959473150961
14051,203.61655508216677
14020,210.30984126984126
13955,171.95182036189232
27291,391.2529488859764
27262,261.2356673960613
27403,139.03979771328056
14377,127.54300243201415
14511,161.96779209240339
27072,234.18662519440124
27402,200.46644444444445
27733,161.30093416370107
14066,111.31815137307434
27445,425.1583649765468
27061,391.7669055082848
27396,230.30040322580646
14299,205.39453037435553
13956,351.3059836808703
27205,194.87272727272727
14499,254.50432211101
27242,365.4132664691133
27409,200.37234786663558
27057,216.12974238875879
27429,260.5469494756911
27446,194.24094375595806
14002,178.60878910914735
14195,359.3443407513759
14120,88.17953020134229
27226,206.44487148690848
27398,303.3746976294146
27404,156.49963494767584
14003,213.10507069722087
27425,201.1039664942104
27426,213.7496259351621
27329,194.72175
13976,160.77556172683666
27433,134.8185053380783
27416,266.0821741370428
14063,213.30292821974604
14184,261.0520125457397
27189,220.73535620052772
27438,296.1537642990157
27395,313.2472154305895
14510,286.62240088716385
14174,316.46961805555554
27289,146.95278099652376
14345,150.90726744186045
26990,130.99680046538685
27744,157.74963482325447
27731,253.35373352855052
27151,235.38324055083504
14378,132.3905013192612
27018,239.8503821281599
14273,380.98587819947045
14509,271.28020035356514
14508,207.2679468242245
14449,257.9804733727811
14267,293.7317939609236
14296,130.65501924785312
14266,189.3791876667655
13972,175.18688816374964
27135,129.12247324613554
26986,252.27967866706337
27009,137.79410011918952
14387,205.20143027413587
27703,243.66517590936195
27518,152.80495079033702
13881,222.98537749925396
15494,134.14034040011944
27515,180.64934289127837
13761,290.59832635983264
27951,102.74131736526947
27781,238.6121103117506
27793,171.4364127174565
27783,129.54395439543956
27556,202.78004807692307
27807,134.70934776074543
13789,230.8094521372667
14343,99.8193315266486
14041,258.5685447423923
27557,172.21857099788966
13322,152.67621344588483
13854,239.20084439083232
27955,98.55931180199215
13839,155.55968570565125
27954,247.34856278366112
13759,178.08807506053267
27675,224.88060606060606
14071,247.18943533697632
27517,142.55866261398177
27712,261.7255319148936
15536,275.732905982906
27713,109.3962033067973
15418,251.9111519607843
13703,210.1767254719901
26334,211.67493796526054
16758,124.37249373433583
11899,144.00751879699249
26592,163.27627438640656
14973,131.6801007556675
29504,190.39905511811023
14209,310.53150598613735
12299,174.67307692307693
17159,75.29981024667931
15219,108.18714376187461
14042,519.8146031746031
15233,127.32325803372574
26851,176.75851097677378
29969,198.32397959183675
19326,377.7741935483871
25037,108.14734144778988
11776,217.6829268292683
11783,76.61227112110504
20448,68.66634522661523
26114,136.08637981235847
26508,91.26569579288027
20533,127.75113415424498
22254,229.16917047681255
29709,58.45029431000654
19122,232.58436886854153
20931,350.1107107762856
25978,159.661195009849
26025,142.80522486772486
15376,127.65100893152497
13620,291.79853723404256
14411,350.5123828647925
15870,192.931161853593
26113,110.621467025572
14796,200.5060606060606
15751,196.03947368421052
10728,151.36197564276048
15604,140.1393051771117
29492,126.59716459197787
28000,227.12982944657153
26218,64.5759052924791
27999,331.54659685863874
27676,229.2083769633508
13784,519.3678883071553
13783,361.5080532212885
27961,314.30287114845936
14355,526.4491941135249
13651,221.6435119887165
27960,247.0921284857042
13721,297.40833627693394
14519,281.46219081272085
27603,191.90322580645162
26355,207.1158081705151
13617,273.646324054247
13429,179.7032142857143
27991,131.96785714285716
14046,139.41386704789136
27017,384.3489620615605
29317,119.2577873254565
27167,196.60732232591528
27044,171.63316582914572
27387,155.50017953321364
27089,130.25933908045977
27165,263.6228386167147
13957,142.49261261261262
27168,119.10786435786436
27063,110.0551948051948
27753,189.34788884879106
14501,98.14306358381504
29690,92.83773039392844
14436,89.06724511930585
14582,168.75226039783
27986,142.69222423146473
14329,139.12115732368898
27722,222.37364228819695
27993,80.05
13291,70.33828861493836
11479,193.81603773584905
26017,278.02869596803487
14294,151.55377906976744
27482,219.22238372093022
27619,126.7078488372093
27723,107.23991275899672
27984,121.12513641324118
26331,81.39737991266375
27663,117.21186749180924
27987,216.1551912568306
13542,105.91727405247813
13285,79.01896425966447
14550,178.3978847556528
27524,188.87846715328467
27492,105.8780576852866
30244,227.845507669832
13516,168.28717573986117
13646,68.22100256128796
15328,161.82363702890598
15594,195.48279648609076
15099,296.411420204978
27493,73.22189674112047
26332,146.78343715646756
10887,145.83027859237538
13453,102.66617754952311
23238,170.97724770642202
13716,172.7278736687477
15191,113.3930933137399
13889,123.65540044085232
26171,158.1896361631753
15296,165.47370356748806
28260,161.20963589554984
15452,154.93156732891833
29316,181.741994847258
13902,116.66310751104565
11515,73.97053406998158
11700,157.18945816439367
13331,219.93542435424354
14811,160.90439276485787
26333,175.72831303063862
27601,345.7258958256372
15007,120.08314855875831
26498,133.3435650887574
15193,73.07327905255366
15517,77.98257968865826
10717,174.87101556708674
2168,183.05189028910303
15801,190.81328878990348
26367,217.48589458054937
29535,253.3001485884101
35384,225.5685618729097
15295,217.26049795615012
12981,91.31933085501859
26173,111.83438779307778
28198,119.8864905098623
30068,152.10022354694485
18705,144.82445024226612
29182,252.392990305742
26174,150.71876165609848
14917,84.34527808883912
26776,157.9663928304705
29229,100.66791184161374
23482,129.7265245043023
11078,78.71995507300636
11892,186.79183826282292
18704,203.88730812429802
10723,61.910486891385766
19714,159.2886056971514
25702,332.01464513706344
11444,111.54637626736763
29362,166.3660647103085
11262,74.025998492841
11446,272.35611782477343
23481,107.71752265861028
26431,208.92776096822996
28187,97.30090840272521
29254,90.48523845571536
15902,160.49772727272727
30255,84.46722243273967
26442,164.101553618795
28357,210.76345716451857
12369,109.95108077360636
29460,122.24962063732929
19941,196.57462969996203
11861,183.76642612988985
28300,292.94944887875334
29314,267.3158295281583
13038,159.83409436834094
23537,70.13066666666667
14708,317.78933333333333
10591,154.89257142857142
22725,152.744
28081,110.39443597560975
19763,294.55746468117604
26356,166.95379915998473
10805,84.39747995418098
29160,146.1672394043528
29161,171.00076394194042
29785,164.62948815889993
15572,228.6653934300993
29589,221.77437858508605
10624,295.59678653404745
30158,163.16111748947569
12918,288.00114942528734
12052,100.37739463601532
28436,197.14220007665773
10634,206.37983901878115
10820,85.94670245398773
15212,223.1174213353799
29002,85.22917466410749
29781,171.90940499040306
22963,127.3452380952381
19242,168.81713407606608
27600,444.46446407990777
10832,271.7916986933128
30257,182.2491349480969
4193,235.439446366782
12033,66.27
26838,350.9780769230769
28262,94.01885340515582
29315,189.11889188149289
29332,220.92067770504428
28705,389.7984585741811
28201,62.489976869699305
29038,33.2621434078643
28083,107.31623602005399
26115,85.81435739096874
19226,156.16801853997683
18995,209.17503863987636
19038,117.09466769706337
11611,264.9249516441006
22978,50.37093023255814
29656,159.93136874757658
23247,179.78161365399535
29975,226.9499417927823
22713,99.17482517482517
22749,115.77989871445267
29579,268.7253603428126
13107,253.53494728621632
10949,128.9280406726633
26433,126.05636007827789
23245,149.01178781925344
18867,84.72062868369352
23134,238.20456333595595
2167,234.2125147579693
21442,107.10787401574804
19667,344.80464749901535
18693,180.51461295418642
14680,114.65822784810126
12945,215.1585414189457
26816,305.40582601755784
23342,173.6573482428115
25833,89.35265893642543
13679,134.94235388310648
27602,143.79014817781336
23373,111.82433521353747
25981,255.07903225806453
17849,172.5774193548387
11249,64.93856103476152
20308,220.66342254663422
12508,521.7592517283449
16120,97.66530612244898
15087,78.27596075224857
13681,192.1788784281621
15133,133.19270192701927
19227,116.61314168377824
23467,339.9465240641711
21211,143.12803622890078
21758,18.51443894389439
29272,140.11691542288557
15118,290.27590511860177
29355,142.53022092538558
10543,131.86540880503145
12428,144.2762105263158
26588,117.17997465145754
16842,43.78257191201354
19037,29.72099915325995
23129,199.5463786531131
26874,279.48281714043276
11223,161.03286384976525
21416,78.19750966079863
18915,31.608770421324163
15086,90.90283748925194
20893,74.76992675570875
21362,111.9732528041415
26310,240.38424924275205
11981,205.35099913119026
26257,287.81323465389636
13166,195.23334784501523
15223,289.11885067479324
28469,149.77486910994764
15119,164.5519197207679
15380,388.45113438045377
21229,56.19842657342657
11923,142.0360756709195
15587,57.094732182381584
20386,96.05895589558956
10903,243.53294223826714
11921,231.44866576209859
15363,81.39318181818182
21768,200.53937187073282
16256,82.40647810218978
11457,203.16697163769442
11786,87.15965233302836
29578,171.3843334860284
10550,83.25538743695553
15306,171.41138659320478
15013,158.97283609576428
29911,171.95439889451865
11900,111.36405529953917
30234,145.37684501845018
11417,73.61028730305839
11248,151.0790330079033
28229,99.33379823337982
29968,96.51326198231736
28230,193.6503724394786
12955,272.9478584729981
30151,71.46483465300419
28470,90.28877503493247
11250,168.89085820895522
11980,165.57396173588427
11060,225.31106959364783
29795,347.6967289719626
11034,91.67508181393174
28455,153.10472183263207
11782,128.5
29794,180.09789227166277
23354,176.88384074941453
12080,120.46976090014064
28291,148.09756097560975
11405,132.8044193700047
26354,277.7197931358721
12417,149.43838193791157
28626,148.50823529411764
29970,154.39161168708765
29108,148.8488427019367
29291,228.95123106060606
28980,162.16532449076269
28660,98.06315289648623
28484,210.05468378506896
20805,145.3707758210376
16271,73.47596382674917
22897,103.8277010947168
23336,155.10095238095238
30194,117.87761904761905
19488,98.82927992370053
19642,224.61310377809662
23590,91.85028790786949
19325,227.75719769673705
17158,52.17399710004833
25070,172.25873786407766
15067,80.40019426906265
11460,172.18958742632614
20206,236.13429137760158
29721,84.14995034756703
29536,339.1398705823793
14601,200.05829596412556
26791,165.88085742771685
15842,145.3925187032419
26465,194.67215568862275
18919,237.7433849226161
26394,229.8734367183592
15070,296.0851276915373
26460,270.0655983975964
15222,290.81572358537807
29553,209.0150225338007
26765,261.59088632949425
26720,256.064596895343
26432,125.54231347020531
26790,190.89579158316633
15736,167.62725450901803
26792,145.37374749498997
15022,201.19799498746866
26149,182.77243107769422
26535,316.2061183550652
30097,185.21915747241727
11075,329.58082329317267
26068,268.8488955823293
15158,228.8132530120482
14799,216.6621485943775
11427,316.31491712707185
11860,120.09643395278755
15137,121.4856855851331
28621,77.09442491210447
29249,145.73380210949273
29483,112.15025125628141
14710,297.6924623115578
29331,268.09552538964306
15008,437.1131790744467
26764,352.31438631790746
15923,290.21730382293765
26891,397.71162556618015
29657,124.82729103726082
30098,133.12449596774192
29976,193.2071572580645
26933,327.34291477559253
29582,406.7198384654215
29610,198.52121212121213
14709,196.188984335523
26534,208.8482549317147
15221,313.81831983805665
29458,188.77024291497975
28199,115.19452887537994
30148,320.8100303951368
29864,298.76190476190476
11610,433.4807497467072
13188,98.75088787417555
14890,215.7192893401015
11647,363.6279187817259
10948,185.88172588832487
10595,154.2407313357034
12919,211.8943626206196
11074,120.22775800711744
29818,214.3375699034062
28037,280.9252288911495
28693,94.08205912334353
29974,253.95616717635068
10596,111.03934593765969
12226,138.45780051150896
20728,256.1248720573183
11172,207.2871033776868
20466,187.75166410650283
12667,39.283299180327866
10633,141.12006157003592
29430,118.17172236503856
30208,251.15911431513902
12116,156.50982419855222
19665,217.20186335403727
12908,206.82133609528742
12659,164.04045643153526
28195,38.023340248962654
23289,105.20020800832033
28058,185.6138613861386
19803,442.50651380927565
28186,255.53263707571801
28109,148.00784108729744
21311,171.96960167714886
19761,336.40661070304304
11099,96.79138202837625
12944,158.41148577449948
13108,266.67282321899734
27762,260.38054968287526
19240,151.03121693121693
22742,336.5373213340392
17389,122.12228692429856
23088,220.29798515376459
23094,306.8538788522848
23044,185.08355508249068
23592,221.53887113951012
22453,193.7688200747464
19241,196.6627282491944
21102,326.6793975255514
18086,305.25282409897795
21024,240.9407327586207
23637,177.7428262046562
19764,479.59339469409855
12509,361.2306022788931
18087,320.7155266015201
35465,116.05591748099891
22475,302.13107591480065
10148,124.61147540983606
13462,263.5958980044346
3975,145.04173622704508
23718,173.59888579387186
24745,99.37590630228667
28902,104.44339096486335
23341,187.16201117318437
20714,49.08780760626398
23340,148.13486289871292
27739,543.5736694677871
35946,157.3256726457399
16677,140.75504484304932
3547,216.37913628715648
18197,144.8349241998877
17525,186.08548931383578
28752,72.01577464788733
13372,362.4997173544375
18658,197.5359773371105
23636,66.20396600566572
16326,172.98072562358277
25599,183.06410990269032
14410,108.73138602520046
20916,347.8920160827111
15660,185.8985590778098
26316,109.15473441108546
16251,165.7514619883041
20387,98.51915144372423
21407,341.4072532699168
18150,98.6027397260274
10619,144.79808841099162
21406,315.80419161676645
24277,55.38885560215698
25211,188.87537447573396
17252,96.24489795918367
11633,106.14431749849669
16363,174.67850692354003
18540,196.0327868852459
17841,93.2059538274605
17005,107.17153284671532
23709,145.7370663420572
10692,178.47503045066992
20692,218.66951219512194
23632,82.2045177045177
17098,74.16310323762981
21250,66.0171358629131
12420,77.82892307692308
11770,189.9008009858287
25069,198.98951911220715
16304,223.51142680667078
28627,34.17708978328174
28406,160.2049689440994
11826,135.00931677018633
21071,160.93075483468496
16882,207.1547619047619
24840,179.7455808080808
25312,123.93540215326156
23857,127.95883470550982
25913,123.22920634920635
26729,117.6656050955414
18588,151.32929164007658
25451,33.7319719208679
12421,59.14376996805112
18587,276.5323925593329
11772,286.18613607188706
25082,120.18082368082368
29708,197.98454603992272
22741,240.43584784010315
16893,162.95601552393273
17840,103.28155339805825
221,206.06735751295338
17964,293.06229720960414
17933,178.32900713822193
26258,117.09759271307742
11428,185.185667752443
15601,92.35509138381201
13465,205.90915032679737
17839,77.84816753926701
32047,85.19973804846103
15974,58.49705304518664
11769,110.05511811023622
37653,104.56561679790026
21009,101.21236028928337
22282,129.88274044795784
29650,74.57067371202113
35353,44.545935228023794
11185,714.4705882352941
24586,115.51159708416169
29164,85.98272425249169
4188,244.5776149233844
10853,108.70894526034714
25083,186.79692718770875
24170,161.65106951871658
14932,83.3326639892905
2119,239.12860013395849
4422,200.44638069705093
20624,103.46572580645162
100,146.79485443466487
17600,45.67796610169491
37068,277.48127978216473
35517,103.37560303239145
5368,345.1629834254144
11132,320.2646855563234
2550,87.76539792387543
4423,304.47160664819944
10732,268.19334719334717
17848,160.25052337752965
1549,167.3181818181818
4309,261.3085553997195
5404,275.2505263157895
472,229.55508771929826
26946,126.56631578947369
16925,121.39423752635278
16442,53.35628952916374
37482,222.6549295774648
5065,63.980918727915196
1246,117.83179559971612
20573,135.78535891968727
25168,29.90028694404591
35409,319.4971264367816
16043,158.52514367816093
16464,107.6969696969697
27508,379.82596084118927
16121,120.96661828737301
18917,154.8475565280817
23290,10.237536656891496
13485,449.6082171680117
4192,238.2282768777614
35352,178.46553002223868
25169,77.83556547619048
36251,74.66390977443609
1067,124.4319036869827
20075,20.27183734939759
4189,98.87981859410431
31806,175.05998481397114
21007,42.32415902140673
10730,135.1690895179801
13371,139.1209800918836
20762,162.39033742331287
12707,79.51920122887864
12900,39.51660231660232
27770,67.56646058732612
29902,20.21517027863777
12833,47.53178294573643
29907,82.87131782945737
29006,167.5810705973623
28650,58.56133540372671
12347,168.527950310559
24447,49.01554001554002
24527,75.38102643856921
21840,224.08482490272374
13179,63.34762275915822
29111,181.18096723868956
18983,83.12460815047022
18888,27.604231974921632
4988,67.46708463949844
19615,78.4748427672956
19756,67.6498819826908
19472,43.8552321007081
25834,102.14162077104642
20761,113.44294770206022
21497,62.341035856573704
28951,293.78309409888357
12706,115.292663476874
19889,72.21805111821087
21112,97.66746602717826
20870,65.17905675459632
21839,168.23157051282053
18981,135.21767068273093
19932,90.72990353697749
25900,151.8274193548387
24827,137.02665589660742
25462,142.6084142394822
17599,74.61912479740681
16963,90.84159220146222
24318,186.93095044679123
18299,243.52074857607812
25514,191.42961757526444
20145,51.56514657980456
23085,183.15077424612878
21380,104.13132137030995
25899,175.84219133278822
16165,60.04091653027823
21026,139.71007371007371
24017,218.56639344262294
31539,217.08613617719442
18295,110.359375
16463,114.76237623762377
18168,176.31930693069307
25328,143.44995864350702
18167,92.20282626766418
17890,204.70465890183027
20435,190.25938281901585
29475,112.12771285475793
22216,51.40601503759399
19754,138.35959765297568
18169,96.48741610738254
15983,60.194608256107834
18196,154.94152542372882
18283,100.77589134125637
25745,192.62755102040816
3833,46.7593537414966
16122,98.26212765957447
13056,38.94723404255319
24493,99.31090289608177
18565,136.08098891730606
16961,99.97011101622545
17931,458.208547008547
37719,154.0
15984,90.9280205655527
16678,62.251724137931035
25901,79.12435233160622
15938,249.0103896103896
15937,198.15151515151516
18105,29.565595134665507
37250,199.15821678321677
20434,122.09194395796848
16273,105.20701754385965
25835,115.70500438981563
13402,363.3506151142355
17728,218.07834507042253
37641,306.5772646536412
20313,80.50444049733571
24528,142.5878679750223
24760,40.14451382694023
35309,206.68067978533094
17729,199.6189624329159
15903,183.0850492390331
35959,371.5324324324324
35881,68.73375451263539
17847,132.8526989935956
24316,230.93388429752065
18195,350.6930147058824
17654,149.70691244239632
1138,86.72802960222016
13118,136.5861111111111
15370,162.78703703703704
1418,178.88544600938968
23622,330.8352165725047
20109,67.73838862559242
26877,203.28041825095056
10855,507.72354623450906
28217,199.26526717557252
37480,103.29198473282443
12947,401.35181644359466
15636,85.34865900383141
16342,46.25338491295938
23423,449.5459825750242
22999,73.08720930232558
32081,160.2759961127308
19307,117.826171875
22981,29.851272015655578
24788,160.66405484818804
30072,282.29411764705884
37481,62.12684365781711
3782,276.7189349112426
12394,83.63392857142857
25452,216.05666003976143
20899,226.33731343283583
18231,109.33333333333333
19308,88.16616915422885
35925,239.2905472636816
20910,44.06412825651302
3567,190.72233400402413
25597,275.0696266397578
16217,54.59453993933266
25422,28.96048632218845
23932,68.55319148936171
19181,160.68426395939088
30131,213.0427698574338
3783,130.82551020408164
22231,204.46516393442624
35701,125.77538461538461
17932,99.62974358974358
22625,44.056526207605344
8994,9.984567901234568
18488,252.61316872427983
22323,37.38453608247423
3618,27.562886597938146
18180,280.23681489141677
21354,182.7972972972973
21352,72.24844074844074
17930,366.33575883575884
37356,99.70686070686071
21353,97.86798336798337
19306,379.27783558792925
25423,146.00104058272632
25424,111.51354166666667
20898,161.89989572471325
15901,167.19812304483838
24030,173.55230125523013
20897,293.51359832635984
25632,67.55497382198953
16171,79.29035639412997
31550,120.58027282266526
8101,71.82563025210084
25434,216.00842105263158
24243,111.12118018967334
24244,17.846153846153847
35960,162.34810126582278
25003,129.5063424947146
25502,106.84761904761905
24854,68.13997879109226
25718,134.55944798301485
3508,258.21299254526093
16578,261.8183760683761
16916,176.95080213903742
36101,153.44171122994652
25479,181.62955032119913
3242,82.32403433476395
22626,40.08073196986007
22465,347.8514531754575
25405,189.8622174381055
739,91.39224137931035
9164,73.04418103448276
23424,227.14331896551724
35739,112.96332254584682
20116,284.96320346320346
5413,371.5201305767138
18623,47.31664853101197
17066,55.910772578890096
17415,109.01633986928104
3832,49.251091703056765
19072,198.4945295404814
18610,61.30263157894737
18611,71.38486842105263
16359,49.526490066225165
6767,124.50110375275938
16229,26.829268292682926
22900,419.0620842572062
35868,369.10099889012207
17653,59.44173140954495
35265,39.34037819799777
18362,73.69308035714286
34965,156.52673492605234
5107,84.89874857792947
18531,9.771949828962372
36203,145.56521739130434
2874,94.50057670126874
18612,94.4739281575898
23931,79.53434225844005
17416,36.73684210526316
38601,360.37955346651
35157,151.3758865248227
35808,42.72189349112426
5113,30.093601895734597
35445,66.08809523809524
275,157.19976076555025
5340,29.697954271961493
3288,105.45652173913044
4138,38.102781136638455
4013,290.55109489051097
4014,62.37956204379562
9037,385.15731707317076
17647,303.47355473554734
35154,319.24163568773236
36286,101.60173697270471
5132,29.98385093167702
22373,56.6728855721393
17888,62.94014962593516
38491,223.06625
4464,258.3115577889447
3538,23.38364779874214
4465,238.4452830188679
4016,40.254777070063696
1110,24.763729246487866
5061,197.24040920716112
38639,56.468468468468465
35407,373.13290322580644
17402,28.6360103626943
5042,590.3
899,169.96740547588004
3296,43.48109517601043
34780,257.7561929595828
31547,77.7154046997389
37600,72.84010484927916
8117,42.87335092348285
13178,23.40963855421687
8517,74.31621621621622
8995,13.574324324324325
31548,291.9837398373984
38138,101.18937329700273
2896,17.829467939972716
7953,43.07391910739191
4776,25.995804195804197
38364,230.00842696629215
2171,52.18143459915612
35741,34.34807417974322
36041,224.40228245363767
3222,114.56366237482118
31076,300.5429799426934
38613,82.20202020202021
37131,274.6392496392496
16313,106.83815028901734
3854,63.32272069464544
10136,17.575976845151953
183,55.01304347826087
8643,170.81857764876634
2389,113.4546783625731
34614,12.882869692532942
37200,132.58418740849194
34472,201.6725403817915
33767,66.75
35903,29.488165680473372
38678,16.102373887240358
30851,69.01038575667656
5106,36.04626865671642
35406,187.5402985074627
35740,255.00301659125188
35187,25.779456193353475
4775,33.09422492401216
30326,166.30615384615385
4774,62.24382716049383
341,63.43740340030912
30325,160.2015503875969
4809,274.55968992248063
4574,190.1430793157076
36268,41.3796875
10293,51.087636932707355
35902,416.5376175548589
38459,22.03453689167975
8402,43.34379905808477
36019,111.59120521172639
9359,206.718954248366
4573,200.45950413223142
30881,7.19205298013245
20801,17.495
8358,316.18120805369125
17390,23.656040268456376
38615,65.67595818815332
32510,35.79790940766551
5063,132.195462478185
37670,113.3068783068783
6480,11.720353982300885
2128,63.790408525754884
36911,267.6607460035524
35939,178.53141831238779
35452,33.39928057553957
37775,9.122965641952984
37531,46.48994515539305
1245,11.831192660550458
3523,26.357798165137616
37594,254.49815498154982
10441,33.530499075785585
37,55.29811320754717
37147,133.64083175803404
31012,9.784090909090908
30835,208.72380952380954
30493,136.18320610687022
1412,19.92925430210325
31878,61.38579654510556
30578,147.15
8987,83.56031128404669
5929,62.07738095238095
38575,65.3399602385686
8348,33.439363817097416
38445,27.669322709163346
25178,11.437125748502995
1411,251.7125748502994
31646,62.728
1626,177.90380761523045
30478,111.49098196392785
31001,49.283400809716596
38581,12.973630831643002
3396,23.574036511156187
5927,74.72967479674797
34319,178.08757637474542
7676,175.4734693877551
31877,405.75463917525775
30784,56.898340248962654
36991,12.49792531120332
36162,19.8125
35938,8.895833333333334
6708,158.67573221757323
32173,19.962264150943398
8056,255.9768907563025
30378,371.87974683544303
30377,324.5400843881857
9753,32.563291139240505
6364,31.363057324840764
18622,48.11063829787234
38335,32.77730192719486
32057,30.55268817204301
7369,29.454741379310345
6421,10.366013071895425
35940,200.75327510917032
32181,26.14879649890591
9229,64.54605263157895
35622,7.264900662251655
30611,22.91255605381166
1510,150.27191011235956
36841,123.73873873873873
31402,223.7765237020316
9886,212.625
34185,23.563636363636363
30609,62.75
239,34.14942528735632
30879,39.57241379310345
238,23.80919540229885
30335,18.49074074074074
37613,10.122685185185185
32553,25.123255813953488
9888,182.68837209302325
31842,13.358313817330211
31401,28.983568075117372
33934,30.11737089201878
7174,185.16273584905662
32936,69.80378250591016
9228,20.62647754137116
10306,6.706161137440758
24063,11.497630331753555
30544,65.5727923627685
7693,77.41626794258373
26076,7.730769230769231
2056,19.73671497584541
1539,115.82608695652173
12354,115.09024390243903
38381,21.760391198044008
6510,41.0
22733,5.146766169154229
31286,14.890547263681592
33222,32.962311557788944
402,152.8463476070529
8914,21.856060606060606
30323,10.13888888888889
15819,265.27848101265823
9840,236.3409669211196
32266,23.076726342710998
8417,308.12628865979383
32940,18.649484536082475
7731,5.391752577319588
6811,55.96134020618557
35429,3.8449612403100777
35230,12.075129533678757
15063,7.587012987012987
33045,172.015625
27016,22.84514435695538
6363,24.28421052631579
9410,16.856763925729442
7723,31.232
38232,144.1657754010695
32942,41.92780748663102
33346,35.6970509383378
33770,336.3790322580645
17541,2.7016129032258065
38560,15.08355795148248
37201,202.37027027027028
33202,35.86449864498645
7496,9.661246612466124
8134,29.265753424657536
2790,147.50964187327824
870,16.058011049723756
6479,35.83008356545961
401,31.83008356545961
6547,36.98876404494382
33769,53.21186440677966
15218,5.28328611898017
6055,25.05965909090909
6546,52.59025787965616
6122,142.2893982808023
8507,183.34957020057305
10150,1.2902298850574712
38563,15.827089337175792
6086,218.53757225433526
38692,9.690751445086706
20063,19.742028985507247
38053,24.04360465116279
7356,3.0262390670553936
31048,40.326530612244895
31059,6.95906432748538
22600,215.4306784660767
33812,34.76401179941003
30679,4.0855457227138645
4065,7.047197640117994
33959,22.757396449704142
13885,7.538461538461538
37165,32.86607142857143
7398,93.8443113772455
1507,416.3181818181818
33524,102.79878048780488
2745,8.446483180428135
780,14.351681957186544
31360,24.25386996904025
25234,24.984375
31768,114.0626959247649
3604,62.33228840125392
422,28.367924528301888
31452,5.474683544303797
18233,3.1360759493670884
1744,49.37341772151899
33960,8.536507936507936
33528,33.82484076433121
10168,9.712460063897764
37975,60.13782051282051
33777,2.688102893890675
32110,5.545454545454546
20173,4.084415584415584
33148,214.12052117263843
34055,51.326797385620914
31287,9.292763157894736
6123,9.264900662251655
5931,5.016556291390729
7730,15.139072847682119
35143,5.311258278145695
33590,11.335548172757475
32858,19.67109634551495
31162,13.52
33345,26.84228187919463
7619,9.703703703703704
33520,13.472972972972974
18306,420.59797297297297
6204,15.641891891891891
30532,199.72881355932202
24214,1.7370242214532872
17401,61.5
10388,27.027874564459932
34056,6.480701754385965
9760,24.823943661971832
17438,193.61837455830388
37188,23.802867383512545
7401,21.263537906137184
10526,374.12274368231044
7133,125.3876811594203
1111,2.0
8772,173.10507246376812
33003,6.556776556776557
6169,95.99264705882354
37161,7.158088235294118
33521,16.1875
6720,4.397058823529412
33132,15.011029411764707
6771,5.490774907749078
6207,10.565055762081784
8596,12.869402985074627
18232,25.671698113207547
7046,14.659090909090908
20671,1.1450381679389312
31595,36.847328244274806
12258,6.362934362934363
6085,5.081081081081081
7896,10.553359683794467
38564,8.861660079051383
7875,23.586345381526105
4746,27.934426229508198
23047,21.239669421487605
711,27.31512605042017
28536,14.725738396624472
34971,1.2245762711864407
33133,7.076271186440678
33831,4.4491525423728815
32964,57.204255319148935
6870,4.808695652173913
36712,43.16593886462882
261,37.65350877192982
5271,3.299559471365639
7614,23.863436123348016
7951,178.11061946902655
12655,2.0
4781,6.782805429864253
31496,22.293577981651374
29207,99.40366972477064
7357,10.444444444444445
6671,3.4790697674418603
14292,56.174528301886795
29482,15.511848341232227
14434,3.1435406698564594
10858,8.38755980861244
7021,0.7081339712918661
10857,7.705314009661835
8053,8.632850241545894
5691,5.995145631067961
5771,0.5219512195121951
21008,30.639024390243904
31497,4.75
7361,7.326732673267327
7710,2.84
36466,7.487179487179487
28825,0.3711340206185567
23726,12.44559585492228
20540,6.203125
34085,1.9109947643979057
30667,3.5392670157068062
30747,4.542105263157895
14298,5.946808510638298
14371,30.79144385026738
23496,216.06951871657753
25759,4.021621621621621
25872,571.3152173913044
38740,1.633879781420765
16632,13.934065934065934
34878,2.456043956043956
16906,2.6333333333333333
33522,8.525139664804469
7001,7.865921787709497
11433,22.1731843575419
31982,11.072625698324023
16811,4.202247191011236
38780,3544.1581920903955
1433,7.175141242937853
18638,3669.193181818182
26270,24.414772727272727
29253,2.8579545454545454
36974,1.7085714285714286
33293,1.8457142857142856
28364,1.36
19545,3.388571428571429
4728,4.148571428571429
1607,1.3657142857142857
9573,5.102857142857143
19959,4.228571428571429
18421,2.52
23306,4.714285714285714
12975,5.045714285714285
22758,3.6149425287356323
11941,2.6954022988505746
3603,4.287356321839081
37810,2.5229885057471266
24245,4.304597701149425
12809,2.586206896551724
15505,10.563218390804598
33418,27.689655172413794
35372,7.218390804597701
34542,1.6878612716763006
29981,6.838150289017341
34299,2.1271676300578033
199,12.352601156069364
13172,2.2832369942196533
16609,6.017341040462428
20378,2.5988372093023258
11083,11.13953488372093
32117,11.174418604651162
5384,2.5988372093023258
25166,7.941860465116279
3930,37.55813953488372
34241,7.005813953488372
26929,96.0
6818,5.941860465116279
25031,74.05813953488372
13140,1.9767441860465116
19413,3.8313953488372094
12953,3.6140350877192984
4554,5.187134502923977
13399,5.228070175438597
15056,19.04093567251462
15057,12.894736842105264
7230,3.388235294117647
24646,4.443786982248521
22275,4.106508875739645
13303,14.078313253012048
10051,11.0
21635,0.9146341463414634
12549,1.8333333333333333
37893,1.8742138364779874
21452,3.5064102564102564
20025,22.038709677419355
23062,21.441558441558442
12042,22.01298701298701
15534,1.48
31670,4.932885906040268
33537,2814.0536912751677
38252,2.0
21066,0.35172413793103446
8328,0.7517241379310344
24685,0.9097222222222222
37397,0.7777777777777778
26391,4.621212121212121
13287,0.5307692307692308
17003,0.8217054263565892
18051,1651.062015503876
22964,1.109375
5272,0.6484375
14390,0.6929133858267716
14011,1.0
15966,1.3968253968253967
29328,0.4583333333333333
19469,0.6637931034482759
37674,1.5217391304347827
11480,686.0877192982456
11707,0.49557522123893805
15077,1.7876106194690264
8395,0.38392857142857145
4316,2.0
318,0.9819819819819819
22340,0.7272727272727273
32283,1.5346534653465347
24402,0.7142857142857143
37974,0.36082474226804123
11198,0.9166666666666666
8721,849.6842105263158
4080,0.48936170212765956
7876,134.78494623655914
38226,0.6344086021505376
30637,3.6344086021505375
18668,8.891304347826088
11542,0.8681318681318682
17345,143.0
12969,0.3956043956043956
21749,428.68131868131866
8044,185.27472527472528
34188,148.73626373626374
25388,1.0
5704,0.9
21599,128.9111111111111
30034,1661.4888888888888
32541,0.9111111111111111
30031,155.56666666666666
22506,218.34444444444443
14694,140.42222222222222
36620,422.3
8288,143.3
17956,124.02222222222223
17701,113.81111111111112
25587,363.53333333333336
30032,125.45555555555555
37082,0.4111111111111111
272,2210.3777777777777
17702,125.64444444444445
30033,150.9111111111111
9402,0.0
25006,0.0
29788,0.0
1589,0.0
5767,0.0
13936,0.0
5808,0.0
30830,0.0
30663,0.0
38282,0.0
26180,0.0
6658,0.0
24233,0.0
18504,0.0
3009,0.0
36528,0.0
3933,0.0
34373,0.0
8077,0.0
11435,0.0
25582,0.0
14142,0.0
9337,0.0
29338,0.0
16791,0.0
23959,0.0
7368,0.0
23833,0.0
24770,0.0
13571,0.0
7878,0.0
24771,0.0
10837,0.0
17800,0.0
20182,0.0
13504,0.0
3235,0.0
18475,0.0
32500,0.0
9929,0.0
12373,0.0
13930,0.0
12400,0.0
19724,0.0
15873,0.0
19725,0.0
37035,0.0
26478,0.0
1762,0.0
24715,0.0
9958,0.0
32539,0.0
25917,0.0
25318,0.0
13393,0.0
24133,0.0
8790,0.0
37063,0.0
857,0.0
6995,0.0
22881,0.0
16982,0.0
5300,0.0
4662,0.0
20523,0.0
25560,0.0
35689,0.0
3440,0.0
17641,0.0
33302,0.0
4047,0.0
36410,0.0
24607,0.0
17759,0.0
6625,0.0
4587,0.0
132,0.0
18450,0.0
26795,0.0
26664,0.0
18325,0.0
26547,0.0
26153,0.0
24105,0.0
30815,0.0
4780,0.0
7918,0.0
7640,0.0
12286,0.0
22175,0.0
20958,0.0
28779,0.0
11694,0.0
29394,0.0
35021,0.0
4524,0.0
6354,0.0
9816,0.0
2857,0.0
14849,0.0
34226,0.0
5887,0.0
7029,0.0
26228,0.0
13095,0.0
9428,0.0
22015,0.0
25366,0.0
30229,0.0
21183,0.0
26342,0.0
10795,0.0
26689,0.0
1649,0.0
37673,0.0
31003,0.0
3885,0.0
7512,0.0
6970,0.0
30977,0.0
22496,0.0
1202,0.0
13412,0.0
5429,0.0
32079,0.0
21643,0.0
3348,0.0
9677,0.0
11997,0.0
3871,0.0
14789,0.0
27469,0.0
33012,0.0
2887,0.0
9485,0.0
30514,0.0
17478,0.0
16255,0.0
4997,0.0
16728,0.0
36305,0.0
35239,0.0
8165,0.0
287,0.0
22160,0.0
1499,0.0
5934,0.0
31180,0.0
26301,0.0
25028,0.0
2290,0.0
11385,0.0
6967,0.0
12350,0.0
22803,0.0
9171,0.0
18250,0.0
25380,0.0
22446,0.0
6201,0.0
